施設_名称,施設_市区町村コード,住所_都道府県,住所_市区町村（郡）,住所_緯度,住所_経度,連絡先_電話番号,連絡先_FAX番号,連絡先_郵便番号,連絡先_住所,施設_開局時間,時間外_対応の有無,時間外_電話番号,エラー
ファ-マライズ薬局南福島店,204510,長野県,東筑摩郡朝日村,37.724228,140.45694,024-539-8989,024-544-2488,390-1102,福島市永井川字壇ノ腰6-1 エトワ-ル南福島103号,月・火・木・金 9:00~18:00水 9:00~17:00土 9:00~13:00日祝休み,有,024-539-8989,緯度経度(不一致)
ニュ-ロン薬局泉佐野店,272132,大阪府,泉佐野市,34.40984,135.318573,0724-69-5588,0724-69-5589,598-0007,泉佐野市上町3-700 メディカルモ-ル,月~金 9:00~20:00 土 9:00~18:00日・祝休み,有,0724-69-5588,
コスモ調剤薬局森合西店,,,,37.768497,140.444427,024-555-6581,024-555-6582,960-0003,福島市森合字高野1-15,月~水・金 8:45~18:15木 8:45~17:45土 8:45~12:45,有,024-555-6581,郵便番号
けや木薬局,072010,福島県,福島市,37.80703,140.491425,024-553-6505,024-573-1120,960-0101,福島市瀬上町字幸町9-2,月・火・木・金 8:30~18:00水 8:30~16:30土 8:30~13:00,有,024-553-6505(転送),
モトマチ薬局,072010,福島県,福島市,37.803356,140.491455,024-553-3150,024-554-5031,960-0101,福島市瀬上町字本町22,月~金9:00~18:00土9:00~13:00,有,090-953-25305,
アイン薬局 福島鎌田店,072010,福島県,福島市,37.790348,140.488434,024-553-8399,024-553-8409,960-0102,福島市鎌田字舟戸前9-1,月~水・金・土 8:30~18:00木 8:30~16:30,有,024-553-8399,
ファ-マライズ薬局 卸町店,072010,福島県,福島市,37.795383,140.481705,024-552-6135,024-552-6136,960-0102,福島市鎌田字卸町12-1,月~水・金 8:45~18:00木 8:45~16:45土 8:45~13:00,有,024-552-6135,
ファ-マライズ薬局 鎌田店,072010,福島県,福島市,37.796482,140.478546,024-554-2266,024-554-2280,960-0102,福島市鎌田字中江10-5,月~金 9:00~17:30土 9:00~13:00,有,024-554-2280(転送電話),
ほばら薬局鎌田店,072010,福島県,福島市,37.790417,140.486465,024-563-3044,024-563-3049,960-0102,福島市鎌田字町東2-5,月・火・木・金8:30~18:00水・土8:30~12:30,無,,
ウエルシア薬局福島鎌田店,072010,福島県,福島市,37.791618,140.483765,	024-	552-	6428,nan,960-0102,福島市鎌田字西5-1,月-金 9:00-19:00土 9:00-14:00 15:00-19:00日・祝 休み,無,,
すず薬局 本内店,072010,福島県,福島市,37.783516,140.486664,024-597-8556,024-597-8557,960-0103,福島市本内字東町5-3,月9:00~18:00/火9:00~18:00/水9:00~18:00/木9:00~13:00/金9:00~18:00/土9:00~13:00/備考:第4木曜日のみ閉局 ※日曜・祝祭日は閉局しております,有,024-597-8556,
エ-ル薬局笹谷東店,072010,福島県,福島市,37.791897,140.450745,024-573-0831,024-573-0832,960-0112,福島市南矢野目字道下35-10,月・火・木・金 9:00~18:30水 9:00~17:00土 9:00~13:00,有,024-573-0831,
エ-ル薬局南矢野目店,072010,福島県,福島市,37.78997,140.47998,024-573-1961,024-573-1962,960-0112,福島市南矢野目字上戸ノ内10-15,月・火・木・金 8:00~12:30、13:30~18:00水 8:00~17:00第1・3・5土 8:00~12:30第2・4土 8:00~12:00,有,024-573-1961,
コスモ調剤薬局北中央公園前店,072010,福島県,福島市,37.789547,140.448303,024-555-0028,024-555-0226,960-0112,福島市南矢野目字清水前31-5,月・金 9:00~19:00火・水 8:30~19:00木 9:00~17:00土 8:30~14:30,無,,
なの花薬局北矢野目店,072010,福島県,福島市,37.792503,140.459778,024-557-5227,024-557-5228,960-0113,福島市北矢野目字原田67-17,月・木8:30~17:15水・金8:30~19:15土8:30~13:00,有,024-557-5227,
ふたば薬局笹谷店,072010,福島県,福島市,37.794174,140.436569,024-555-5535,024-555-5622,960-0241,福島市笹谷字中田4-17,月・火・木・金9:00~18:30水9:00~17:00土9:00~13:00,有,024-555-5535(転送),
ぷらんたん薬局ささや,072010,福島県,福島市,37.793411,140.443832,024-555-0880,024-555-6886,960-0241,福島市笹谷字塗谷地37-15,月~金8:30~18:30,有,024-555-0880,
エ-ル薬局伊達店,072133,福島県,伊達市,37.822296,140.505295,024-551-1077,024-551-1066,960-0418,伊達市岡前20-4,月~金 8:30~18:00土 8:30~15:00,有,024-551-1077,
コスモ調剤薬局伊達町店,072133,福島県,伊達市,37.820217,140.500702,024-551-2920,024-551-2021,960-0461,伊達市片町38-2,月~金8:30~18:00土 8:30~13:00日祝休み,無,,
おり-ぶ薬局 伊達店,072133,福島県,伊達市,37.821693,140.497147,024-583-2109,024-584-2068,960-0474,伊達市沓形41番地11,月~金 9:00~18:00土 9:00~16:00,有,024-583-2109,
保原薬局伊達店,072133,福島県,伊達市,37.819447,140.518646,024-583-3011,024-583-3015,960-0502,伊達市箱崎字中21-6,月~日8:30~18:00,有,024-583-3011,
コスモ調剤薬局,072133,福島県,伊達市,37.824604,140.557098,024-576-4620,024-576-4650,960-0601,伊達市保原町字栄町81-5,月~金8:30~18:00土8:30~13:30,無,,
保原薬局,072133,福島県,伊達市,37.821125,140.559113,024-576-3756,024-576-3758,960-0611,伊達市保原町字城ノ内61-1,月~土8:30~18:00,無,,
保原薬局本店,072133,福島県,伊達市,37.821125,140.559113,024-575-2109,024-575-1279,960-0611,伊達市保原町城ノ内57-1,月~土8:30~18:00,有,024-575-2109,
アップル薬局保原店,072133,福島県,伊達市,37.823349,140.553894,024-575-3633,024-575-0661,960-0619,伊達市保原町9-3-25,月~金8:30~18:00土8:30~16:00,有,090-7064-1254,
ウエルシア薬局伊達保原店,072133,福島県,伊達市,37.814278,140.551575,	024-	574-	2875,nan,960-0623,伊達市保原町前田町27-2,平日10:00-14:00  15:00-19:00,無,,
有限会社しみず薬局保原店,072133,福島県,伊達市,37.833012,140.569702,024-574-2540,024-574-2541,960-0633,伊達市保原町二井田字秋切1-1,月~金8:30~17:30土8:30~12:30,有,024-574-2540,
中央薬局伊達店,072133,福島県,伊達市,37.820583,140.537338,024-574-2388,024-576-2688,960-0684,伊達市保原町上保原字中ノ台4-21,月~水、金8:30~19:00土8:30~15:00,無,,
保原薬局上保原店,072133,福島県,伊達市,37.81427,140.540161,024-574-2777,024-575-5181,960-0684,伊達市保原町上保原中島13-10,9:00~18:00,無,024-574-2777,
保原薬局梁川店,072133,福島県,伊達市,37.864021,140.611954,024-577-5900,024-577-5868,960-0729,伊達市梁川町希望ヶ丘26-2,月~土9:00~18:00,無,,
ウエルシア薬局伊達新梁川店,072133,福島県,伊達市,37.848465,140.602615,	024-	527-	2172,	024-	527-	2173,960-0759,伊達市梁川町広瀬町43,月曜日-金曜日9:30-18:30(14:00-15:00を除く)土曜日9:30-14:00,無,,
保原薬局梁川東店,072133,福島県,伊達市,37.844994,140.589417,024-527-0333,024-527-0334,960-0776,伊達市梁川町字東土橋6-5,月~金9:00~18:00土9:00~13:00,無,,
アップル薬局掛田店,072133,福島県,伊達市,37.785908,140.592606,024-586-3511,024-586-3515,960-0801,伊達市霊山町掛田字西裏55,月・火・木・金8:30~18:00水・土8:30~17:30,有,024-586-3511,
アイン薬局 福島大森店,072010,福島県,福島市,37.735443,140.44989,024-544-6920,024-544-6922,960-1101,福島市大森字街道下71-4,月~水・金 9:00~19:00木 9:00~17:00土 9:00~18:00日 9:00~13:00,有,024-544-6920,
健歩薬局,072010,福島県,福島市,37.734596,140.448273,024-545-6610,024-545-7741,960-1101,福島市大森字高畑70-3,月~金9:00~18:30土9:00~16:00,無,,
有限会社しみず薬局,072010,福島県,福島市,37.731831,140.446533,024-545-8298,024-545-9383,960-1101,福島市大森舘ノ内74-1,月~金9:00~18:30土9:00~13:00,有,024-545-8298,
コスモ調剤薬局 永井川店,072010,福島県,福島市,37.7244,140.448364,024-544-0730,024-544-0670,960-1102,福島市永井川字北谷地8-1,月~金 9:00~18:30土 9:00~13:00,有,024-544-0730,
保原薬局松川店,072010,福島県,福島市,37.653454,140.487381,024-567-6967,024-567-6998,960-1231,福島市松川町沼袋字北原85-1,月~金9:00~18:00土9:00~13:00,無,,
ぷらんたん薬局いいの,072010,福島県,福島市,37.657257,140.537567,024-573-4013,024-573-4014,960-1301,飯野町字後川26-31,月・水 8:30~18:00火・木・金 8:30~17:00土 8:30~12:30,有,024-573-4013,
けんこう薬局,073083,福島県,伊達郡川俣町,37.663795,140.594772,024-565-5330,024-565-5307,960-1406,伊達郡川俣町鶴沢字京田38-1,月~金 8:30~17:30土 8:30~14:00,有,080-4726-4527,
さくらんぼファ-マシ-,,,,37.760757,140.473267,024-544-0175,024-544-0185,960-5181,福島市児子塚36,平日9:00~18:00木土9:00~13:00,有,090-8035-1461,郵便番号
そうごう薬局 福島駅前店,072010,福島県,福島市,37.758427,140.461319,024-572-3981,024-572-3982,960-8001,福島市天神町1-1,月・火・木・金 9:00~18:00水 9:00~17:00土 9:00~13:00,有,024-572-3981,
コスモ調剤薬局 森合店,072010,福島県,福島市,37.763527,140.456253,024-555-5701,024-555-5702,960-8003,福島市森合字屋敷下38−14,月・水・金 9:00~18:00火・木 9:00~17:00土 9:00~14:00,無,,
エ-ル薬局栄町店,072010,福島県,福島市,37.756828,140.460617,024-563-4346,024-563-4347,960-8031,福島市栄町1-31,月~土 9:15~18:45,無,,
ファ-コス薬局福島駅前,072010,福島県,福島市,37.754669,140.461288,024-524-1355,024-524-1331,960-8031,福島市栄町6-6 ユニックスビル1F,月~金9:00~18:30土9:00~17:00,有,024-524-1355,
コスモ調剤薬局 大町店,072010,福島県,福島市,37.753448,140.467865,024-573-6028,024-573-6029,960-8041,福島市大町8番19号,月~金 9:00~18:00土 9:00~13:00,無,,
ファ-マライズ薬局 大町店,072010,福島県,福島市,37.753296,140.467911,024-526-4555,024-526-4077,960-8041,福島市大町7-11,月~金 9:00~17:30土 9:00~13:00,有,024-526-4555,
有限会社石井薬局大町本店,072010,福島県,福島市,37.753727,140.467957,024-522-2476,024-522-2624,960-8041,福島市大町8-16,月~金9:00~18:30土9:00~16:00,有,090-3367-3926,
アイン薬局 ラヴィバレ店,072010,福島県,福島市,37.751076,140.462082,024-522-9901,024-529-7666,960-8044,福島市早稲町4-16 ラヴィバレ一番丁1階,月~水・金 8:30~19:00土 8:30~15:00木・日・祝休み,有,024-522-9901,
ウエルシア薬局 福島早稲店,072010,福島県,福島市,37.751038,140.463684,024-526-0230,024-526-0231,960-8044,福島市早稲町8-22 一番丁キャッスル1F,月・水・金 9:00~20:00火・木・土 9:00~19:00日 9:00~17:00,有,024-526-0230,
あおぞら薬局 MAXふくしま店,072010,福島県,福島市,37.758915,140.460648,024-573-9341,024-573-9343,960-8051,福島市曽根田町1-18 MAXふくしま1階,月~金 10:00~19:00土 10:00~14:00,有,024-573-9341,
ウエルシア薬局 福島八島田店,072010,福島県,福島市,37.771755,140.427811,024-555-6035,024-555-6036,960-8056,福島市八島田8-1,月~金9:30~13:30、14:30~18:30,無,,
そうごう薬局福島笹木野店,072010,福島県,福島市,37.770031,140.417664,024-555-1071,024-558-0272,960-8057,福島市笹木野字中西裏18-4,月・火・木・金9:00~19:00水9:00~17:00土9:00~13:00,有,024-555-1071,
西口駅前薬局,072010,福島県,福島市,37.753819,140.457932,024-573-2778,024-573-1194,960-8068,福島市太田町8-16,月9:00~18:00/火9:00~18:00/水9:00~18:00/金9:00~18:00/土9:00~18:00,有,090-2779-7175,
ファ-コス薬局東中央,072010,福島県,福島市,37.761406,140.439285,024-533-2660,024-533-2677,960-8071,福島市東中央2-2-2,月~金9:00~18:30木・土9:00~17:00,有,080-1022-6476,
すみれ薬局,072010,福島県,福島市,37.762611,140.43721,024-528-2373,024-528-2555,960-8071,福島市東中央3-16,月~金9:00~18:30土9:00~14:00,無,,
コスモ調剤薬局 南中央店,072010,福島県,福島市,37.760036,140.43988,024-51-0330,024-531-0310,960-8073,福島市南中央一丁目65の10,月・火 9:00~17:00水 13:00~21:00木・金・土・日 11:00~21:00祝 11:00~15:00,無,024-531-0330,
有限会社しみず薬局 南中央店,072010,福島県,福島市,37.760036,140.43988,024-536-3363,024-536-1878,960-8073,福島市南中央一丁目65-6 ラフィ-ネ101,月・火・木・金 9:00~18:30水 9:00~18:00土 9:00~13:00,有,024-536-3363 (転送),
西中央薬局,072010,福島県,福島市,37.758472,140.433685,024-597-8115,024-597-8116,960-8074,福島市西中央1-12-2,月・火・水・金8:30~18:30土8:30~13:00定休:木・日祝日,無,,
アイン薬局福島店,072010,福島県,福島市,37.753853,140.46817,024-573-5721,024-573-5723,960-8101,福島市上町5-6 上町テラス1F,24時間,無,,
あおぞら薬局競馬場前店,072010,福島県,福島市,37.764999,140.477737,024-536-1626,024-536-1614,960-8114,福島市松浪町2-33,月・火・木・金8:45~18:30水8:45~17:00土8:30~13:00,有,024-536-1626,
ファ-マライズ薬局 入江店,072010,福島県,福島市,37.770039,140.481842,024-528-2855,024-528-2858,960-8117,福島市入江町15-12,月~金 9:00~17:45土 11:00~15:00,有,024-528-2855,
ふたば薬局 北五老内店,072010,福島県,福島市,37.762894,140.475861,024-536-3481,024-536-2890,960-8131,福島市北五老内町3-21,月・水 8:30~17:50火・金 8:30~17:30木 8:30~16:30土 8:30~12:30,有,024-536-3481,
ひがしはま薬局,072010,福島県,福島市,37.763332,140.486206,024-573-9447,024-573-4905,960-8132,福島市東浜町10-16,月8:30~18:00/火8:30~18:00/木8:30~18:00/金8:30~18:00/土8:30~13:30,有,080-1601-4088,
きりん調剤薬局,072010,福島県,福島市,37.759773,140.477463,024-534-3201,024-534-3202,960-8133,福島市桜木町1-21,月~水、金 8:30~18:30木8:30~16:30土8:30~12:30,有,090-3646-0584,
クオ-ル薬局福島東店,072010,福島県,福島市,37.770458,140.488083,024-573-9070,024-573-9076,960-8136,福島市八島町14-27,月~土8:40~17:30,有,080-8754-5527,
コスモ調剤薬局 八島町店,072010,福島県,福島市,37.769928,140.483154,024-573-8122,024-573-8126,960-8136,福島市八島町3-35,月~金 9:00~18:00土 9:00~13:00,有,024-573-8122,
ファ-マライズ薬局 八島店,072010,福島県,福島市,37.769974,140.482452,024-536-2525,024-536-2530,960-8136,福島市八島町2-8,月~水・金 8:45~18:00木 8:45~16:45土 8:45~12:45第1・3日 8:45~12:15,有,024-536-2525,
ほばら薬局日赤前店,072010,福島県,福島市,37.769608,140.482971,024-597-8588,024-597-7488,960-8136,福島市八島町2-16,月~金 9:00~18:00土 9:00~13:00日・祝休み,有,024-597-8588(転送),
日本調剤 福島薬局,072010,福島県,福島市,37.76936,140.482971,024-573-0103,024-573-0104,960-8136,福島市八島町2-22,月~金 9:00~18:00土 9:00~13:00,有,024-573-0103,
ファ-コス薬局渡利,072010,福島県,福島市,37.74379,140.480911,024-528-0666,024-528-0677,960-8141,福島市渡利字椚町25-4,月~金9:00~18:30土9:00~13:30,有,024-528-0666,
ぷらんたん薬局,072010,福島県,福島市,37.746571,140.482498,024-521-1010,024-521-1231,960-8141,福島市渡利沼ノ町45,月~金9:00~19:00土9:00~14:00,有,024-521-1010,
保原薬局渡利店,072010,福島県,福島市,37.749439,140.474335,024-524-3666,024-524-3667,960-8141,福島市渡利字七社宮105-40,月~金 9:00~18:00土 9:00~13:00,有,024-524-3666,
太平調剤薬局,072010,福島県,福島市,37.73365,140.456711,024-563-1360,024-563-1361,960-8151,福島市太平寺堰ノ上90-5,月~金9:00~18:15第2・4・5土9:00~12:15,無,,
クオ-ル薬局とやの店,072010,福島県,福島市,37.733578,140.465973,024-544-1280,024-544-1281,960-8152,福島市鳥谷野字宮畑65-2,月~水・金9:00~18:30木9:00~17:00土9:00~13:00,有,024-544-1280,
アジア堂薬局,072010,福島県,福島市,37.723297,140.459,024-546-7059,024-545-4600,960-8154,福島市伏拝字台田3-3,月~土 9:00~18:00,有,090-7326-4557,
ほうらい薬局,072010,福島県,福島市,37.698322,140.470337,024-549-2191,024-549-2192,960-8157,福島市蓬莱町2丁目2-2,月~金 9:00~18:00土 9:00~13:00,有,024-549-2191,
サンリツ薬局福島店,072010,福島県,福島市,37.740597,140.454651,024-544-1815,024-544-1816,960-8163,福島市方木田字辻ノ内3-10,月9:00~18:00/火9:00~18:00/水9:00~18:00/木9:00~18:00/金9:00~18:00/土9:00~13:00,有,090-8035-1261,
アップル薬局八木田店,072010,福島県,福島市,37.751591,140.445648,024-544-1941,024-544-1942,960-8164,福島市八木田字井戸上89-5,月~水・金9:00~18:00木8:30~16:30土9:00~14:30,有,024-544-1941,
保原薬局やぎた店,072010,福島県,福島市,37.750267,140.44783,024-539-7558,024-539-7838,960-8164,福島市八木田字中島56-1,月~金9:00~18:00土9:00~13:00,無,,
コスモ調剤薬局 八幡店,072010,福島県,福島市,37.742409,140.440643,024-544-7012,024-544-7014,960-8165,福島市吉倉字八幡49-2,月~水・金 8:30~18:30木 9:00~18:30土 8:30~15:30,有,024-544-7012,
有限会社しらさか薬局,072010,福島県,福島市,37.780487,140.497467,024-531-3261,024-536-6166,960-8204,福島市岡部字中川原1-6,月~金 9:00~18:00土 9:00~15:00,無,,
有限会社しみず薬局しのぶヶ丘店,072010,福島県,福島市,37.747887,140.457428,024-531-1811,024-531-1810,960-8223,福島市矢倉下14-1,月・火・木・金8:30~18:30水8:30~17:00土8:30~12:30,有,024-531-1811,
ひかり薬局笹谷,072010,福島県,福島市,37.786079,140.43895,024-557-5222,024-557-7899,960-8251,福島市北沢又字成出13-24,月9:00~18:00/火9:00~17:30/水9:00~17:30/木9:00~17:30/金9:00~17:30/土9:00~13:00,無,,
ファ-マライズ薬局 北沢又店,072010,福島県,福島市,37.786789,140.438507,024-555-2200,024-555-2151,960-8251,福島市北沢又字成出24-5,月~金 9:00~17:30土 9:00~13:00,有,024-555-2200,
すず薬局 御山店,072010,福島県,福島市,37.777939,140.466339,024-563-5075,024-563-5076,960-8252,福島市御山字検田60-2,月・火・木・金 9:00~18:00水・土 9:00~13:00,無,,
みはる薬局おやま店,072010,福島県,福島市,37.777939,140.466339,024-535-5501,024-535-5506,960-8252,福島市御山検田83-4,月・火・木・金9:00~18:15,有,024-535-5501,
コスモ調剤薬局 いずみ西店,072010,福島県,福島市,37.77774,140.443634,024-555-6118,024-555-6119,960-8253,福島市泉字清水内18-13,月・火・木・金 9:00~18:30水 9:00~17:00土 9:00~13:00,無,,
ファ-マライズ薬局 泉店,072010,福島県,福島市,37.776871,140.447021,024-557-8855,024-557-8838,960-8253,福島市泉字泉川3-21,月~水・金 9:00~18:00木 9:00~17:00土 9:00~13:00,有,024-557-8855,
薬局いずみ調剤,072010,福島県,福島市,37.777073,140.449554,024-556-0111,024-556-0112,960-8253,福島市泉字二斗蒔35-2,月~金9:00~18:30土9:00~13:00,有,080-9634-1334,
クラフト薬局 福島南沢又店,072010,福島県,福島市,37.780415,140.441635,024-563-3536,024-563-3537,960-8254,福島市南沢又字桜内33-3,月~水・金 9:00~18:30木 9:00~17:00土 9:00~18:00,有,024-563-3536,
アイランド薬局 弥次郎店,072052,福島県,白河市,37.147373,140.215958,0248-24-1189,0248-24-1089,961-0005,白河市豊地弥次郎34-1,月~金 8:30~17:30第2・4・5土 8:30~17:30,有,080-5938-1575,
あけぼの薬局新白河店,072052,福島県,白河市,37.146423,140.21817,024-821-7186,024-821-7187,961-0005,白河市豊地弥次郎91-1,月~金9:00~18:00土9:00~13:00,無,,
ファ-コス薬局つくし,072052,福島県,白河市,37.122585,140.238907,0248-21-0381,0248-21-0382,961-0051,白河市大鹿島前25-1,月・火・木・金8:30~18:30土8:30~12:30,有,0248-21-0381,
ファ-コス薬局めぐみ北,072052,福島県,白河市,37.142178,140.221909,0248-21-1887,0248-27-6122,961-0062,白河市外薄葉17-5,月~土9:00~18:00水9:00~13:00,有,0248-21-1887,
わかば薬局,072052,福島県,白河市,37.127956,140.21669,0248-31-2655,0248-31-2656,961-0074,白河市郭内12-21,月~金8:30~13:00、14:00~18:00土8:30~12:30,有,080-5558-2655,
ファ-コス薬局 めぐみ,072052,福島県,白河市,37.142178,140.216797,0248-31-2101,0248-31-2102,961-0092,白河市六反山10-26,月~土 9:00~18:00日・祝休み,有,0248-31-2101(夜間転送),
ファ-コス薬局白河,072052,福島県,白河市,37.142178,140.216797,0248-27-1185,0248-27-1205,961-0092,白河市六反山10-36,月~土 8:30~17:30,有,090-9639-5206,
ウエルシア薬局西白河中島店,074659,福島県,西白河郡中島村,37.131172,140.348114,	0248-	51-	1062,nan,961-0106,西白河郡中島村大字二子塚字浦山32-16,月-金 10:00-14:00 15:00-19:00,無,,
みなみ調剤薬局,072052,福島県,白河市,37.114517,140.197815,0248-21-0053,0248-21-0054,961-0831,白河市老久保13-5,月・火・水・金8:30~18:00木・土8:30~12:30,有,080-5227-6502,
ウエルシア薬局西白河西郷店,074616,福島県,西白河郡西郷村,37.132587,140.190521,0248-21-2566,0248-21-2567,961-8031,西白河郡西郷村大字米中山前84-10,月~金 9:30~19:00土 9:30~14:00、15:00~16:00,有,0248-21-2566,
アイランド薬局 丸田店,072079,福島県,須賀川市,37.29031,140.364151,0248-73-1189,0248-73-1190,962-0022,須賀川市丸田町47-1,月~日 8:30~18:00,無,,
クオ-ル薬局須賀川店,072079,福島県,須賀川市,37.285412,140.357391,0248-63-8489,0248-72-6502,962-0032,須賀川市大袋町187-2,月~土 8:30~17:00第2・4・5土 8:30~12:30,有,080-8754-5524,
コスモ調剤薬局長沼店,072079,福島県,須賀川市,37.277184,140.278152,0248-69-1550,0248-69-1551,962-0122,須賀川市木之崎字寺前98-1,月・火・水・金 8:30~18:00木 8:30~12:00土 8:30~13:00,有,080-1692-8187,
アイランド薬局東作店,072079,福島県,須賀川市,37.27824,140.385208,0248-72-4189,0248-72-4190,962-0822,須賀川市東作146-18,月~金 8:30~18:30土 8:30~13:00,有,090-1856-5207,
フジ薬局,072079,福島県,須賀川市,37.286392,140.373688,0248-72-2003,0248-72-9110,962-0832,須賀川市本町47,月~金 9:00~18:00土 9:00~13:00日・祝休み,無,,
コスモ調剤薬局須賀川大町店,072079,福島県,須賀川市,37.284016,140.374359,0248-63-8810,0248-63-8820,962-0839,須賀川市大町284,月~金8:30~18:30木・土8:30~16:30,無,,
大町調剤薬局,072079,福島県,須賀川市,37.283901,140.376038,0248-94-5119,0248-94-5114,962-0839,須賀川市大町409-18,日・祝 8:30~12:30月・火・木・金 8:30~21:00水 8:30~16:30土 8:30~18:00※1時間程度の昼休憩あり,有,090-2955-4566,
すみれ薬局,072079,福島県,須賀川市,37.289848,140.375473,0248-94-8343,0248-76-1360,962-0842,須賀川市宮先町25-1,月・火・木・金・土 9:00~18:30 水・第2・4木 9:00~18:00,無,,
クオ-ル薬局 てらまち店,072079,福島県,須賀川市,37.287971,140.378723,0248-63-2566,0248-63-2568,962-0844,須賀川市東町116-1,月・水~金 8:30~18:00火 8:30~16:30土 8:30~12:00,有,0248-63-2566,
コスモ調剤薬局須賀川駅前店,072079,福島県,須賀川市,37.298126,140.375168,0248-73-1300,0248-73-1313,962-0851,須賀川市中宿444,月火水金8:30~18:30 木8:30~16:30土8:30~13:00,有,0248-73-1300,
アイランド薬局須賀川店,072079,福島県,須賀川市,37.294666,140.373962,0248-72-1189,0248-72-0111,962-0856,須賀川市北町9,月~土8:45~17:45,有,090-3757-8500,
さくら薬局須賀川北町店,072079,福島県,須賀川市,37.294666,140.373962,0248-72-3121,0248-72-0836,962-0856,須賀川市北町10-1,月~金8:30~17:30日9:00~13:00,有,0248-72-3121,
あさか調剤薬局,072036,福島県,郡山市,37.362709,140.360153,024-937-0227,024-937-0228,963-0105,郡山市安積町長久保1-24-1,月~金9:00~18:00土9:00~13:00,無,,
山口薬局長久保店,072036,福島県,郡山市,37.359531,140.362335,024-954-5667,024-954-5668,963-0105,郡山市安積町長久保1-4-4,月~土9:00~17:30,有,024-954-5667(転送),
調剤薬局ツルハドラッグ郡山安積店,072036,福島県,郡山市,37.352741,140.363571,024-937-3560,024-937-3560,963-0107,郡山市安積4-203,月~金9:30~18:30,無,,
そうごう薬局 郡山店,072036,福島県,郡山市,37.377476,140.340714,024-946-5591,024-946-5592,963-0111,郡山市安積町荒井字萬海83-3,月~水・金 9:00~18:30土 9:00~12:30,有,024-946-5591,
山口薬局荒井中央店,072036,福島県,郡山市,37.400455,140.35965,024-937-5210,024-937-5211,963-0119,郡山市巴六段102,月~水・金9:00~18:00木・土9:00~12:00,有,024 937 5210,
クオ-ル薬局 おおつき店,072036,福島県,郡山市,37.385994,140.348648,024-990-1689,024-990-2189,963-0201,郡山市大槻町字天正坦24-9,月~金 9:00~18:00土 9:00~13:00,無,080-8754-5518,
なの花薬局北ノ林店,072036,福島県,郡山市,37.391228,140.33461,024-954-8153,024-954-8154,963-0201,郡山市大槻町字北ノ林27-13-1,月~水・金9:00~18:00木・土9:00~12:00,無,,
クオ-ル薬局 郡山堤店,072036,福島県,郡山市,37.399452,140.337997,024-962-7289,024-962-7290,963-0205,郡山市堤1-83,月・火・木~土 8:30~18:00水 9:00~17:00,有,024-962-7289(転送),
奥羽調剤薬局鳴神店,072036,福島県,郡山市,37.396927,140.339508,024-983-8535,024-983-8536,963-0207,郡山市鳴神1-1-2,月・水・金・土8:30~18:00火・木8:30~17:30,有,090-1397-0660,
しらゆり調剤薬局,072036,福島県,郡山市,37.385868,140.334488,024-962-7641,024-962-7651,963-0209,郡山市御前南1-11,月~木・土 9:00~18:00金 9:00~17:00,有,080-6059-2944,
秋桜薬局,072036,福島県,郡山市,37.384884,140.327866,024-962-2711,024-962-2741,963-0209,郡山市御前南5-154,9:00~18:30木・土のみ9:00~12:30,無,,
調剤薬局レミ-ロ,072036,福島県,郡山市,37.38575,140.333298,024-962-4850,024-962-4860,963-0209,郡山市御前南1-46,月~土9:00~18:00,無,,
調剤薬局ツルハドラッグ郡山片平店,072036,福島県,郡山市,37.419407,140.333298,024-962-7811,024-962-7811,963-0216,郡山市中ノ目1-17,9:00~13:30、14:30~18:00,有,080-6067-1832,
エ-ル薬局日和田店,072036,福島県,郡山市,37.439442,140.380905,024-968-1223,024-968-1224,963-0534,郡山市日和田町南原2-350,月~金 8:30~18:00土 8:30~12:30,有,024-968-1223,
コスモ調剤薬局緑ヶ丘店,072036,福島県,郡山市,37.382732,140.435516,024-941-3100,024-941-3101,963-0702,郡山市緑ヶ丘東3-1-9,月~水・金9:00~18:30木9:00~18:00土9:00~13:00,無,,
阿部調剤薬局,072036,福島県,郡山市,37.488491,140.262421,024-984-6800,024-994-0007,963-1309,郡山市熱海町熱海5-199-6,月~金9:00~18:00土9:00~14:00,無,,
ヤナイ調剤薬局,075221,福島県,田村郡小野町,37.287056,140.626602,0247-72-5912,0247-72-6188,963-3401,田村郡小野町大字小野新町字品ノ木131,月・火・木・金8:30~12:30、15:00~18:30土8:30~12:30,有,0247-72-5912,
アイランド薬局船引店,072117,福島県,田村市,37.442463,140.569305,0247-81-1189,0247-82-5456,963-4312,田村市船引町船引字馬場62-1,月~土9:00~18:00,無,,
げんじろう調剤薬局 船引店,072117,福島県,田村市,37.447433,140.583603,0247-81-1555,0247-81-1777,963-4312,田村市船引町船引字源次郎125-37,月~水・金 8:30~18:30木 9:00~18:30土 8:30~18:30,有,0247-81-1555,
すず薬局 船引店,072117,福島県,田村市,37.446995,140.571045,0247-61-4343,0247-61-4344,963-4312,田村市船引町船引字下大平101-1,8:30~18:00,有,0247-61-4343,
コスモ調剤薬局中央通り店,072117,福島県,田村市,37.440895,140.586166,0247-81-1610,0247-81-1686,963-4317,田村市船引町東部台4-53,月~水、金8:30~18:30木、土8:30~13:00,有,0247-81-1610,
さくら薬局 田村常葉店,072117,福島県,田村市,37.440224,140.645493,0247-73-8871,0247-73-8872,963-4602,田村市常葉町常葉字内町13,月~水・金 9:00~18:00木・土 9:00~13:00,有,0247-73-8871,
日本調剤塙薬局,074837,福島県,東白川郡塙町,36.958992,140.409714,0247-57-5931,0247-57-5932,963-5405,東白川郡塙町大字塙字大町1-7,月~金 8:30~17:30土 8:30~13:00(第2・4・5),有,080-8013-9465,
さくら薬局 塙店,074837,福島県,東白川郡塙町,36.960587,140.409012,0247-57-6560,0247-57-6561,963-5405,東白川郡塙町大字塙字材木町11-1,月・水・金 8:30~19:00火・木 8:30~17:30土 8:30~13:00,有,0247-57-6560,
ウエルシア薬局 東白川棚倉店,074810,福島県,東白川郡棚倉町,37.01527,140.390488,0247-23-1310,0247-23-2311,963-5663,東白川郡棚倉町流字餅田16-1,月~金 10:00~19:00,無,,
有限会社たまかわ薬局,075027,福島県,石川郡玉川村,37.211452,140.405945,0247-37-1710,0247-37-1711,963-6312,石川郡玉川村大字小高字中畷18-7,月・火・木・金 8:30~18:00水・土 8:30~12:30,有,0247-37-1710,
ウエルシア薬局福島玉川店,075027,福島県,石川郡玉川村,37.212055,140.407227,	0247-	37-	1081,nan,963-6312,石川郡玉川村小高字稲荷畷24-1,月-金:9:30-14:00 15:00-18:30土:9:30-14:00 15:00-16:00,無,,
コスモ調剤薬局 玉川店,075027,福島県,石川郡玉川村,37.192123,140.414597,0247-37-1200,0247-37-1201,963-6313,石川郡玉川村川辺字二ノ鳥居34-1,月~水・金 8:30~18:30木・土 8:30~13:00,無,,
さくら調剤薬局,075213,福島県,田村郡三春町,37.447746,140.494904,0247-61-2555,0247-61-2557,963-7752,田村郡三春町字六升蒔50-11,月~水・金9:00~18:00木・土9:00~17:00,無,,
アイン薬局福島石川店,075019,福島県,石川郡石川町,37.140865,140.445953,0247-56-3883,0247-56-3884,963-7817,石川郡石川町字立ヶ岡50-11,月・火・木・金 8:30~19:15水 8:30~16:30土 8:30~16:00日・祝休み,有,0247-56-3883,
アイランド薬局 石川店,075019,福島県,石川郡石川町,37.144081,140.453583,0247-56-1189,0247-56-1190,963-7858,石川郡石川町字下泉172,月・水 8:30~20:00火・木 8:30~19:00金・土 8:30~17:00,有,090-4052-9676,
山口薬局大町店,072036,福島県,郡山市,37.402657,140.386093,024-939-2929,024-939-3337,963-8001,郡山市大町2-15-2,月~土9:00~18:00,有,024-939-2929,
清水台薬局,072036,福島県,郡山市,37.398331,140.384918,024-924-1300,024-924-2800,963-8001,郡山市大町1-3-18,月~土9:30~19:00,有,024-924-1300,
アイランド薬局陣屋店,072036,福島県,郡山市,37.396023,140.385345,024-925-4189,024-925-4190,963-8002,郡山市駅前1-1-17 フロンティアタワ-郡山1階,月~土9:00~18:00,有,080-9044-2004,
ひかり薬局 中町,072036,福島県,郡山市,37.396034,140.384857,024-927-1510,024-927-1511,963-8002,郡山市駅前一丁目1-20,月8:30~18:00/火8:30~18:00/水8:30~18:00/木8:30~18:00/金8:30~18:00/土8:30~13:30,有,090-7937-6470,
ひかり薬局郡山駅前,072036,福島県,郡山市,37.396683,140.385651,024-953-6856,024-953-6816,963-8002,郡山市駅前一丁目2-9,月8:30~18:00/火8:30~18:00/水8:30~18:00/木8:30~18:00/金8:30~18:00/土9:00~13:00,有,024-953-6856,
郡山調剤薬局 中町店,072036,福島県,郡山市,37.395279,140.384613,024-936-2225,024-936-2225,963-8004,郡山市中町14-19,月~水・金 9:00~18:30木・土 9:00~17:00,有,024-936-2225,
郡山調剤薬局虎丸店,072036,福島県,郡山市,37.398167,140.376572,024-92-78011,024-927-7717,963-8014,郡山市虎丸町1-5,月~水・金9:00~19:00木15:00~19:00土9:00~18:00,有,024-927-8011,
調剤薬局ツルハドラッグ郡山さくら通り店,072036,福島県,郡山市,37.398766,140.377243,024-927-4268,024-927-4268,963-8014,郡山市虎丸町2-1,月~土9:00~18:00,無,,
ひかり薬局麓山,072036,福島県,郡山市,37.396927,140.373154,0249735422,0249735424,963-8015,郡山市細沼町4-1,月9:00~18:00/火9:00~18:00/水9:00~18:00/木9:00~18:00/金9:00~18:00/土9:00~13:00,有,0249735422,
ウエルシア薬局 郡山長者店,072036,福島県,郡山市,37.399353,140.367142,024-927-1024,024-927-1025,963-8017,郡山市長者1-6-20,月~金 9:30~14:00、15:00~18:30土  9:30~14:00、15:00~16:00,無,,
すず薬局 かおりやま店,072036,福島県,郡山市,37.401768,140.36998,024-954-6725,024-954-6726,963-8017,郡山市長者2-12-5,月・火・木・金 9:00~18:00水 9:00~17:00土 9:00~13:00,有,024-954-6725,
アイランド薬局西ノ内店,072036,福島県,郡山市,37.406746,140.365356,024-939-1189,024-939-1191,963-8022,郡山市西ノ内2-8-3,月~土9:00~18:00,有,080-5491-6281,
アイン薬局 西ノ内店,072036,福島県,郡山市,37.407951,140.366623,024-991-9903,024-991-9905,963-8022,郡山市西ノ内2丁目10-32,月~金 9:00~18:00土 9:00~14:00,無,,
ウエルシア薬局 郡山朝日2丁目店,072036,福島県,郡山市,37.405975,140.361984,024-973-7212,024-973-7217,963-8024,郡山市朝日2-5-16,月~金 9:30~18:30,無,,
ウエルシア薬局郡山桑野店,072036,福島県,郡山市,37.408436,140.353867,024-927-1138,024-927-1178,963-8025,郡山市桑野4-6-2,月~金 9:00~20:00土 9:00~19:00日 9:00~13:00、14:00~17:00祝日 休業日,無,,
コスモ調剤薬局 西ノ内店,072036,福島県,郡山市,37.40765,140.366394,024-983-7857,024-983-7858,963-8025,郡山市西ノ内2丁目10-4,月~金 8:30~18:30土 8:30~14:00,有,024-983-7857,
調剤薬局ミッテル 桑野店,072036,福島県,郡山市,37.398895,140.352478,024-939-0511,024-939-0511,963-8025,郡山市桑野一丁目25-7,月・火・水・金 9:00~19:00木 9:00~17:00土 9:00~13:00,有,090-5839-3315,
郡山調剤薬局並木店,072036,福島県,郡山市,37.413059,140.364563,024-939-4193,024-935-4433,963-8026,郡山市並木2-12-12,月~金9:00~18:30土9:00~18:00,有,024-939-4193,
あさい調剤薬局桑野店,072036,福島県,郡山市,37.396603,140.345764,024-931-2134,024-931-2135,963-8034,郡山市島2-22-1,月~水、金9:00~18:00木、土9:00~17:00,有,024-931-2134,
コスモ調剤薬局島店,072036,福島県,郡山市,37.396606,140.346115,024-991-9350,024-991-9288,963-8034,郡山市島2-99-5,月~土9:00~18:00木9:00~13:00,無,,
すみれ調剤薬局,072036,福島県,郡山市,37.396435,140.347275,024-921-0810,024-921-0812,963-8034,郡山市島2-7-7,月・水・木・金 9:00~18:00火 9:00~17:00土 9:00~13:00,有,024-921-0810,
調剤薬局ツルハドラッグ郡山島店,072036,福島県,郡山市,37.398159,140.347061,024-954-6689,024-954-6689,963-8034,郡山市島2-44-29,月~金9:30~13:30、14:30~18:30土9:30~13:30,無,,
ひかり薬局 桑野,072036,福島県,郡山市,37.396244,140.346008,024-921-3838,024-921-3533,963-8034,郡山市島2-11-17,月9:00~18:00/火9:00~18:00/水9:00~18:00/木9:00~18:00/金9:00~18:00/土9:00~18:00,有,024-921-3838,
アイランド薬局富田店,072036,福島県,郡山市,37.415489,140.368912,024-925-1189,024-927-1189,963-8041,郡山市富田町字稲川原23,月~土9:00~18:00,有,090-4050-5855,
かめだ調剤薬局,072036,福島県,郡山市,37.412415,140.34993,024-921-5171,02-4926-0071,963-8041,郡山市富田町字下亀田1-41,月~水・金 9:00~18:30木・土 9:00~12:30,有,070-8397-1820,
調剤薬局ツルハドラッグ 希望が丘店,072036,福島県,郡山市,37.407249,140.337311,024-954-5777,024-954-5777,963-8041,郡山市富田町字大徳南6-10,月~金 9:30~13:30、14:30~18:30土 9:30~13:30,無,,
ウエルシア薬局郡山富田店,072036,福島県,郡山市,37.418903,140.359604,	024-	936-	4061,	024-	936-	4062,963-8043,郡山市名郷田2-48,月-土 9:30-13:30 14:30-18:30日祝日 休み,無,,
フジ薬局 本店,072036,福島県,郡山市,37.415501,140.366089,024-925-0978,024-925-0960,963-8044,郡山市備前舘1-148,月~金9:00~18:00,無,,
クオ-ル薬局郡山北店,072036,福島県,郡山市,37.425426,140.365829,024-927-1689,024-927-1690,963-8047,郡山市富田東3-190,月~水・金9:00~18:30木9:00~17:00土9:00~13:00,有,080-8754-5528,
調剤薬局ツルハドラッグ八山田店,072036,福島県,郡山市,37.425659,140.364929,024-991-8826,024-991-8826,963-8047,郡山市富田東3-22,月~土9:00~18:00,無,,
雄飛堂薬局 郡山富田店,072036,福島県,郡山市,37.414993,140.345016,024-926-0582,024-926-0583,963-8048,郡山市富田西2丁目175,月・火・木・金 9:00~18:30水・土 9:00~12:30,有,090-9002-5024,
アイランド薬局八山田店,072036,福島県,郡山市,37.421589,140.38324,024-925-1089,024-925-1087,963-8052,郡山市八山田7-28,月~土8:30~18:00,有,080-5894-6410,
アリビオ薬局 八山田店,072036,福島県,郡山市,37.426277,140.378601,024-935-5505,024-973-5551,963-8052,郡山市八山田5丁目77,月・火・木・金 8:30~19:00水 8:30~17:30土 8:30~12:00,無,,
クオ-ル薬局 郡山2号店,072036,福島県,郡山市,37.423096,140.38121,024-927-6889,024-935-1074,963-8052,郡山市八山田7-161-B1F,月~土 8:30~17:30,有,080-8754-5522,
クオ-ル薬局 郡山3号店,072036,福島県,郡山市,37.423096,140.38121,024-927-6589,024-935-1069,963-8052,郡山市八山田7丁目-161-1F,月~土 8:30~18:00,有,080-8754-5523,
クオ-ル薬局郡山店,072036,福島県,郡山市,37.42268,140.383636,024-991-0789,024-925-6888,963-8052,郡山市八山田7-107,月・木・土9:00~22:00日・火・水・金9:00~19:00第1土9:00~19:00第1日、第2・3水9:00~22:00,有,080-8754-5521,
ファ-コス薬局メロディ-,072036,福島県,郡山市,37.427143,140.364395,024-927-5455,024-933-7971,963-8053,郡山市八山田西3-16,月~水・金8:30~18:00木・土8:30~13:00,有,024-927-5455(夜間転送),
フジ薬局 八山田店,072036,福島県,郡山市,37.427719,140.367188,024-990-0388,024-990-0383,963-8053,郡山市八山田西3丁目416,月~水・金 8:30~19:00木 8:30~16:30土 8:30~13:00,有,024-990-0388,
調剤薬局ツルハドラッグ 富久山福原店,072036,福島県,郡山市,37.418167,140.404327,024-983-3024,024-983-3024,963-8061,郡山市富久山町福原字陣場193-2,月~金 9:30~18:30土 9:30~13:30,有,080-5410-1259,
調剤薬局ツルハドラッグ 郡山駅東店,072036,福島県,郡山市,37.402611,140.393204,024-941-2668,024-941-2668,963-8801,郡山市向原町4-40,月~金 9:00~18:30土 9:00~18:00,無,,
調剤薬局ツルハドラッグ郡山駅東店,072036,福島県,郡山市,37.403099,140.394302,024-941-3268,024-941-2668,963-8801,郡山市向河原町4-40,月~金9:00~18:30土9:00~18:00,無,,
日本調剤 郡山薬局,072036,福島県,郡山市,37.403099,140.394302,024-941-1301,024-941-1305,963-8801,郡山市向河原町4-40 郡山駅東ショッピングセンタ 内,月~金 9:00~18:00第1土 9:00~18:00第2~第5土 9:00~17:00,有,090-1420-5503,
アイランド薬局 横塚店,072036,福島県,郡山市,37.398834,140.399689,024-942-1189,024-942-1192,963-8803,郡山市横塚2丁目15-6,月~水・金 8:30~20:00木・土 8:30~18:00,有,090-2173-4314,
コスモ調剤薬局横塚店,072036,福島県,郡山市,37.391464,140.404129,024-941-0321,024-941-0331,963-8803,郡山市横塚6-65-3,月・火・水・金8:30~18:30木・金8:30~12:30,無,,
フジ薬局 山根店,072036,福島県,郡山市,37.384651,140.374252,024-938-4811,024-938-4813,963-8832,郡山市山根町12番26号,月・火・木・金 8:30~18:30水 8:30~16:30土 8:30~13:00,有,024-938-4811,
ウエルシア薬局 郡山小原田店,072036,福島県,郡山市,37.37962,140.3862,024-941-3618,024-941-3628,963-8835,郡山市小原田3-3-14,月~金 9:00~19:00土 9:00~18:00,無,,
アイン薬局 郡山名倉店,072036,福島県,郡山市,37.376678,140.365402,024-954-6321,024-954-6322,963-8845,郡山市名倉23-2,8:15~13:15、17:00~20:15,有,024-954-6321,
アイセイ薬局 郡山久留米店,072036,福島県,郡山市,37.376076,140.356857,024-937-2388,024-947-5230,963-8846,郡山市久留米3-124-1,月~水・金 9:00~18:30木 9:00~12:30土 9:00~17:30,有,024-937-2388,
柴宮調剤薬局,072036,福島県,郡山市,37.377029,140.343216,024-937-2790,024-937-2745,963-8846,郡山市久留米6-163-1,月・火・木・金 9:00~18:30水 9:00~17:00土 9:00~12:30,無,,
ウエルシア薬局郡山開成店,072036,福島県,郡山市,37.387672,140.354935,024-927-0503,024-927-0504,963-8851,郡山市開成6-149-1,月~土 9:00~19:00,無,,
調剤薬局ミッテル開成店,072036,福島県,郡山市,37.387821,140.351517,024-935-7336,024-983-5162,963-8851,郡山市開成6-192-1,月・火・水・金9:00~18:00木9:00~13:00土9:00~17:00,無,,
マルスミ薬局,072036,福島県,郡山市,37.391468,140.342667,024-934-4988,024-925-0043,963-8852,郡山市台新1-30-12,月~土10~18:30,無,,
山口薬局本町店,072036,福島県,郡山市,37.393669,140.38327,024-954-7770,024-954-7710,963-8871,郡山市本町1-14-19,月~金9:00~18:00土9:00~15:00,有,024-954-7770(転送),
コスモ調剤薬局 東和町店,072109,福島県,二本松市,37.601955,140.593536,0243-66-2880,0243-66-2881,964-0202,二本松市針道字蔵下110-1,月・火・木・金 8:40~18:40水 8:40~16:40土 8:40~15:10,有,0243-66-2880,
アイランド薬局二本松店,072109,福島県,二本松市,37.552967,140.405075,0243-62-1089,0243-62-1090,964-0867,二本松市住吉102-3,月~土8:30~18:30日・祝8:30~12:30,無,,
アイン薬局 二本松店,072109,福島県,二本松市,37.589294,140.42218,0243-22-8899,0243-22-8897,964-0871,二本松市成田町1丁目812-3,月~金 9:00~18:00土 9:00~12:00(3週に1回は9:00~17:00),有,0243-22-8899,
かすみ薬局,072109,福島県,二本松市,37.589294,140.42218,0243-22-6420,0243-22-6421,964-0871,二本松市成田町1-817-1-1,月~金9:00~18:00土9:00~12:00 第3週9:00~17:00,有,,
さくら薬局 二本松南店,072109,福島県,二本松市,37.589294,140.42218,0243-22-9555,0243-22-9556,964-0871,二本松市成田町1-815-3,月~金 9:00~18:00,有,0243-22-9555,
高越薬局,072109,福島県,二本松市,37.578094,140.415237,0243-62-1877,0243-62-1878,964-0881,二本松市藤之前33-1,月・火・木~土9:10~19:10,有,0243-62-1877,
わかば薬局,072109,福島県,二本松市,37.591831,140.429962,0243-23-8181,0243-23-7770,964-0906,二本松市若宮1丁目182,月・水・金 8:30~18:00火・木 8:30~17:00土 8:30~14:00,有,0243-23-8181,
調剤薬局ツルハドラッグ二本松店,072109,福島県,二本松市,37.590019,140.425491,0243-62-0280,0243-62-0280,964-0906,二本松市若宮2-93,月~金9:30~13:30、14:30~18:30,無,,
さくら薬局 二本松本町店,072109,福島県,二本松市,37.592442,140.434891,0243-62-3232,0243-62-3233,964-0917,二本松市本町1-55,月~土 9:00~18:00,有,0243-62-3232,
山口薬局二本松店,072109,福島県,二本松市,37.592442,140.434891,0243-62-3105,0243-62-3108,964-0917,二本松市本町1-48,月~金8:30~18:30土8:30~18:00日8:30~12:30,有,0243-62-3105,
つるが薬局 松長店,072028,福島県,会津若松市,37.533623,139.952789,0242-23-9488,0242-23-9489,965-0001,会津若松市一箕町松長1丁目17-8,月~土 8:30~18:00,有,070-5326-0087,
アイン薬局 会津若松店,072028,福島県,会津若松市,37.520821,139.934586,0242-23-9538,0242-37-7730,965-0005,会津若松市一箕町大字亀賀字北柳原27-1,月・水~土 10:00~19:00火 10:00~18:00,有,0242-23-9538,
アイン薬局鶴賀店,072028,福島県,会津若松市,37.524788,139.940445,0242-32-2700,0242-32-2788,965-0006,会津若松市一箕町鶴賀字堤2-70,月08:30~18:00/火08:30~18:00/水08:30~18:00/木08:30~18:00/金08:30~18:00/土08:30~18:00/備考:第1、第3、第5土曜は閉局,無,,
いぶき薬局,072028,福島県,会津若松市,37.524788,139.940445,0242-37-1380,0242-37-1382,965-0006,会津若松市一箕町鶴賀下居合60-5,月・火・木~土 8:30~18:30,有,0242-37-1380,
つるが薬局,072028,福島県,会津若松市,37.518642,139.945419,0242-23-9119,0242-23-9229,965-0006,会津若松市一箕町大字鶴賀字堤2-67,月~土 8:30~18:00第1・3・5土 9:00~18:00,有,080-8209-0345,
アイン薬局会津中央店,072028,福島県,会津若松市,37.52121,139.944778,0242-32-1193,0242-32-1192,965-0011,会津若松市鶴賀町1-4,月~金8:30~18:00第1・3・5土8:30~17:00第2・4土8:30~18:00,有,0242-32-1193,
ファ-マライズ薬局飯盛店,072028,福島県,会津若松市,37.510166,139.950134,0242-39-3591,0242-39-3592,965-0016,会津若松市中島町6-1,月~金8:30~18:00木8:30~16:30土8:30~13:00,有,0242-39-3591,
会津調剤薬局,072028,福島県,会津若松市,37.50869,139.935196,0242-36-7672,0242-36-7673,965-0024,会津若松市白虎町152-2,月~水・金8:30~18:15木・土8:30~12:45,無,,
まちの薬局扇町店,072028,福島県,会津若松市,37.514111,139.93367,0242-37-1766,0242-37-1767,965-0025,会津若松市扇町31,月~金9:00~18:30土9:00~16:00,無,,
みずき薬局,072028,福島県,会津若松市,37.494843,139.929703,0242-37-3088,0242-37-3080,965-0029,会津若松市藤原1丁目5-37,月・火・木・金 8:30~18:30水・土 8:30~17:30,有,0242-37-3088,
けやき薬局,072028,福島県,会津若松市,37.498371,139.925568,0242-29-5252,0242-29-5255,965-0042,会津若松市大町1-1-16,月~土 8:30~18:30,有,0242-29-5252,
あいあい薬局城北店,072028,福島県,会津若松市,37.503555,139.925095,0242-37-7701,0242-37-7702,965-0043,会津若松市城北町282,月~水・金8:30~18:30木8:30~13:00土8:30~16:30,有,080-1843-4241,
アップル薬局,072028,福島県,会津若松市,37.492466,139.93988,0242-29-4193,0242-29-4191,965-0802,会津若松市徒之町4-18,月・火・木・金9:00~18:00 水9:00~17:00 土9:00~16:00,無,,
千石調剤薬局,072028,福島県,会津若松市,37.497002,139.940414,0242-23-8336,0242-23-8337,965-0817,会津若松市千石町9-23,月~水・金9:00~18:15木9:00~12:15土9:00~13:15,無,,
ひのき薬局,072028,福島県,会津若松市,37.496017,139.944397,0242-38-2838,0242-38-2839,965-0818,会津若松市東千石1丁目2-30,月~金 9:00~18:00土 9:00~17:00,有,0242-38-2838,
天薬局,072028,福島県,会津若松市,37.478756,139.930771,0242-38-1801,0242-38-1808,965-0832,会津若松市天神町31-4,月~水、金9:00~18:45木9:00~12:45土9:00~17:15,無,,
あいあい薬局門田日吉店,072028,福島県,会津若松市,37.477047,139.915237,0242-29-1666,0242-29-1667,965-0841,会津若松市門田町日吉字丑渕11-44,月~金8:30~18:30土8:30~16:00,有,080-1843-1780,
かぼちゃ薬局飯寺店,072028,福島県,会津若松市,37.472286,139.906113,0242-29-1214,0242-29-1247,965-0846,会津若松市門田町飯寺村東616-25,月~水9:00~18:30木12:00~18:00土9:00~18:30,有,0242-29-1214,
クオ-ル薬局西若松店,072028,福島県,会津若松市,37.487835,139.911026,0242-26-6589,0242-36-6590,965-0853,会津若松市材木町1-10-16,月火木金9:00~18:00水:9:00~17:00土:9:00~13:00,有,080-8754-5534,
くすのき薬局 西若松店,072028,福島県,会津若松市,37.4856,139.914124,0242-36-5188,0242-36-5788,965-0853,会津若松市材木町1-4-3,月・水・金8:30~18:30火・木 8:30~18:00第1・2・5日 8:30~17:00第3・4日 11:00~15:00,有,0242-36-5188,
コスモ調剤薬局材木町店,072028,福島県,会津若松市,37.483391,139.910507,0242-36-5182,0242-36-5183,965-0853,会津若松市材木町2-4-2,月・火・水・金9:00~18:00木・土9:00~13:00,有,0242-36-5182,
コスモ調剤薬局 会津店,072028,福島県,会津若松市,37.491245,139.921432,0242-38-3870,0242-38-3871,965-0862,会津若松市本町1-2,月~金 8:30~18:00第1・2・4・5土 8:30~12:30第3土 8:30~18:00,有,0242-38-3870,
トリム薬局山鹿店,072028,福島県,会津若松市,37.491817,139.921844,0242-38-3200,0242-38-3211,965-0862,会津若松市本町1-35,月~土8:30~18:00※第2・4土を除く,有,0242-38-3200,
調剤薬局ツルハドラッグ 会津本町店,072028,福島県,会津若松市,37.494083,139.922714,0242-23-4707,0242-23-4707,965-0862,会津若松市本町10番1号,月~金 9:30~13:30、14:30~18:30土 9:30~13:30日・祝休み,無,,
アイン薬局湯川店,072028,福島県,会津若松市,37.49115,139.921494,0242-38-2588,0242-29-8778,965-0863,会津若松市湯川町1-54,月8:30~18:00/火8:30~18:00/水8:30~18:00/木8:30~18:00/金8:30~18:00/土8:30~18:00/日8:30~18:00/備考:第1.2.4.5は8:30~12:30 日曜は当番制不定期(月1回),有,090-8841-1463,
ウエルシア薬局 会津若松湯川店,072028,福島県,会津若松市,37.487995,139.920227,0242-36-5303,0242-36-5304,965-0863,会津若松市湯川町4-10,月~金 9:00~14:00、15:00~19:00土 9:00~14:00、15:00~16:00,有,080-4941-9175,
調剤薬局ツルハドラッグ会津湯川店,072028,福島県,会津若松市,37.49081,139.921356,0242-38-3310,0242-38-3310,965-0863,会津若松市湯川町1-58,月~土9:00~18:00,有,080-6067-1830,
あいあい薬局,072028,福島県,会津若松市,37.482174,139.916153,0242-29-6666,0242-29-6668,965-0864,会津若松市城西町5-56,月~金8:45~18:45土8:45~13:45,有,090-7936-1377,
コスモ調剤薬局米代店,072028,福島県,会津若松市,37.487938,139.920303,0242-38-3850,0242-38-3851,965-0875,会津若松市米代1-6-29,月~水・金9:00~18:30木9:00~17:00土9:00~15:30,有,0242-38-3850,
あいセンタ-薬局,072028,福島県,会津若松市,37.491299,139.922211,0242-38-2188,0242-38-2177,965-0876,会津若松市山鹿町4-13,月~金、第1・3土8:30~18:00第2・4土8:30~12:30,有,0242-38-2188,
アイン薬局山鹿店,072028,福島県,会津若松市,37.491539,139.921814,0242-38-3093,0242-38-3092,965-0876,会津若松市山鹿町4-20,月8:30~18:00/火8:30~18:00/水8:30~18:00/木8:30~18:00/金8:30~18:00/土8:30~11:30/備考:第3土曜日8:30-18:00 その他土曜日8:30-11:30,有,090-7254-7673,
さくら薬局 会津山鹿店,072028,福島県,会津若松市,37.491241,139.92276,0242-93-5370,0242-93-5371,965-0876,会津若松市山鹿町4-8,月~金・第3土 8:30~18:00第1・2・4・5土 8:30~12:30,有,0242-93-5370,
こくぶ調剤薬局 中町店,072028,福島県,会津若松市,37.495949,139.926773,0242-85-6329,0242-85-6831,965-0878,会津若松市中町2-85,月~金 9:00~18:00土 9:00~14:00,有,080-3750-4206,
蔵まち薬局,072087,福島県,喜多方市,37.655415,139.882584,0241-21-1751,0241-21-1752,966-0049,喜多方市字長面3086,月~金 9:00~18:00第1土 9:00~13:00,有,0241-21-1751,
ふじき薬局,072087,福島県,喜多方市,37.648678,139.880585,0241-24-3121,0241-24-3141,966-0085,喜多方市字江中子4179-16,月・火・木・金9:00~18:30水・土9:00~17:30,無,,
ウエルシア薬局 喜多方常盤台店,072087,福島県,喜多方市,37.667519,139.872025,0241-21-4426,0241-21-4427,966-0801,喜多方市常盤台46番地1,月~金 9:00~19:00土 9:00~14:00,無,,
新町調剤薬局,072087,福島県,喜多方市,37.654446,139.875397,0241-22-1621,0241-22-1631,966-0804,喜多方市字沼田6996番地,月~金 9:00~17:30土 9:00~12:30,無,,
喜多方あいあい薬局,072087,福島県,喜多方市,37.649319,139.871429,0241-23-5786,0241-23-5787,966-0817,喜多方市字3丁目4781-2,月・水~金 8:30~18:00火・土 8:30~13:30,有,080-8204-3093,
葵調剤薬局 喜多方店,072087,福島県,喜多方市,37.645042,139.864227,0241-21-1785,0241-21-1786,966-0853,喜多方市字千苅8544-13,月~金 8:30~18:00土 8:30~12:30,有,0241-21-1785,
クオ-ル薬局 喜多方店,072087,福島県,喜多方市,37.682068,139.869354,0241-21-9611,0241-21-9612,966-0902,喜多方市松山町村松字北原3643-5,月~金 9:00~17:30第1・2・3土 9:00~13:00第4・5土 9:00~17:00 ,有,080-8754-5516,
クオ-ル薬局さつき店,072087,福島県,喜多方市,37.680885,139.869949,0241-21-4189,0241-21-4789,966-0902,喜多方市松山町村松字北原3639-5,月~金9:00~17:30土9:00~13:00,有,080-8754-5517,
クオ-ル薬局南会津店,073687,福島県,南会津郡南会津町,37.19352,139.744095,0241-63-3201,0241-63-3202,967-0006,南会津郡南会津町永田字下川原81-4,月~土8:30~17:00,有,080-8754-5526,
コスモ調剤薬局金山店,074454,福島県,大沼郡金山町,37.452953,139.530731,0241-53-5580,0241-53-5585,968-0011,大沼郡金山町大字川口字金洗道下1481-3,月~金9:00~17:30土9:00~13:00,有,0241-53-5580,
あいあい薬局只見店,073679,福島県,南会津郡只見町,37.297771,139.391418,0241-84-7055,0241-84-7045,968-0442,南会津郡只見町大字長浜字唱平23-2,月~金8:30~18:00土8:30~12:30,有,080-1843-1904,
いずみざき薬局,074640,福島県,西白河郡泉崎村,37.157738,140.293427,0248-54-1840,0248-54-1841,969-0101,西白河郡泉崎村泉崎山ヶ入69-6,月~金9:00~18:00土9:00~17:00,有,0248-54-1840,
アイランド薬局 矢吹店,074667,福島県,西白河郡矢吹町,37.207954,140.326202,0248-11-4189,0248-44-4198,969-0213,西白河郡矢吹町本町223-1,月~金 8:30~18:00土 8:30~13:00,有,080-5985-6918,
クオ-ル薬局 文京店,074667,福島県,西白河郡矢吹町,37.188862,140.340073,0248-41-2420,0248-41-2421,969-0223,西白河郡矢吹町文京町227-36,月~金 8:45~18:00土 8:45~13:00,有,080-8754-5531,
あやめ調剤薬局鏡石,073423,福島県,岩瀬郡鏡石町,37.260841,140.350235,0248-94-7600,0248-94-7601,969-0401,岩瀬郡鏡石町鏡沼188,月・火・木・金8:45~18:15水8:45~12:15土8:45~15:15,無,,
ウエルシア薬局岩瀬鏡石店,073423,福島県,岩瀬郡鏡石町,37.255859,140.347,	0248-	92-	3461,nan,969-0401,岩瀬郡鏡石町不時沼205,平日:9-14、15-19土:9-14、15-16,無,,
エ-ル薬局高木店,072141,福島県,本宮市,37.515972,140.409698,0243-63-2511,0243-63-2512,969-1101,本宮市高木字平内74-1,月・火・木・金8:30~18:30水8:30~16:30土 8:30~12:15,無,,
もとみや調剤薬局,072141,福島県,本宮市,37.520016,140.405167,0243-34-1189,0243-34-1177,969-1122,本宮市本宮大町1-6,月・水・金8:30~18:00火・木8:30~17:30土8:30~13:00,有(転送電話),0243-34-1189,
郡山調剤薬局 本宮店,072141,福島県,本宮市,37.517101,140.404755,0243-63-1155,0243-63-1177,969-1125,本宮市本宮荒町49-9,月・火・木・金 8:30~18:00水 8:30~16:30土 8:30~13:00,有,0243-63-1155,
そうごう薬局本宮店,072141,福島県,本宮市,37.512722,140.400253,0243-34-6031,0243-34-6032,969-1131,本宮市本宮字南町裡117-3,月~金8:30~18:00土8:30~13:00,無,,
あだち調剤薬局,072109,福島県,二本松市,37.612114,140.463211,0243-22-6680,0243-22-6681,969-1404,二本松市油井背戸谷地7-6,月~金 8:30~18:00土 8:30~12:30,有,0243-22-6680,
コスモ調剤薬局あだたら店,072109,福島県,二本松市,37.615948,140.454498,0243-24-7848,0243-24-7849,969-1404,二本松市油井字石倉76-3,月火水金土9:00~18:00木土祝:定休,無,,
コスモ調剤薬局 油井店,072109,福島県,二本松市,0.0,0.0,0243-62-2088,0243-62-2089,969-1404, ,月~水・金 9:00~18:30木 9:00~17:00土 9:00~16:30,有,0243-62-2088,
保原薬局油井店,072109,福島県,二本松市,37.60294,140.456192,0243-62-1521,0243-62-1522,969-1404,二本松市油井字八軒33,月~金 8:30~18:00土 8:30~13:00,有,0243-62-1521,
ウエルシア薬局伊達桑折店,073016,福島県,伊達郡桑折町,37.848812,140.517899,024-581-2139,024-581-2140,969-1601,伊達郡桑折町北町50-1,月~金 9:30~14:00、15:00~18:30,無,,
ファミリ-薬局,073016,福島県,伊達郡桑折町,37.85096,140.521622,024-581-0090,024-581-0086,969-1605,伊達郡桑折町堰合21-9,月~金8:30~18:30土8:30~12:30,無,,
保原薬局桑折店,073016,福島県,伊達郡桑折町,37.854134,140.517044,024-581-2220,024-581-2988,969-1641,伊達郡桑折町南半田字六角15-3,月~土8:30~18:00,無,,
アイン薬局 国見店,073032,福島県,伊達郡国見町,37.872501,140.540741,024-529-1165,024-529-1167,969-1751,伊達郡国見町塚野目字三本木14-1,月~金 9:00~18:00土 9:00~12:00,有,024-529-1165,
ふたば薬局 藤田店,073032,福島県,伊達郡国見町,37.872261,140.542007,024-585-1113,024-585-1088,969-1751,伊達郡国見町大字塚野目字三本木11-1,月~金 8:30~18:00土 8:30~12:30,有,024-585-1113,
日本調剤 国見薬局,073032,福島県,伊達郡国見町,37.871624,140.541611,024-529-1233,024-529-1236,969-1751,伊達郡国見町大字塚野目字下三本木2-1,月~金 9:00~18:00土 9:00~13:00,有,090-2745-9993,
保原薬局国見店,073032,福島県,伊達郡国見町,37.876266,140.54483,024-573-9100,024-585-4410,969-1761,伊達郡国見町大字藤田字北7-4,月~金 8:30~18:00土 8:30~13:30,有,024-573-9100,
ウエルシア薬局伊達国見店,073032,福島県,伊達郡国見町,37.873169,140.542145,	024-	529-	2107,	024-	529-	2108,969-1761,伊達郡国見町藤田中沢一10-1,月-金 9:00-19:00土 9:00-14:00、15:00-17:00,無,,
ムナカタ薬局,074080,福島県,耶麻郡猪苗代町,37.561127,140.107452,0242-62-3361,0242-62-3699,969-3122,耶麻郡猪苗代町字本町25-1,月8:30~18:00/火8:30~18:00/水8:30~18:00/木8:30~18:00/金8:30~18:00/土8:30~18:00/日8:30~18:00/備考:祝日休業,有,090-1060-4215,
コスモ調剤薬局 磐梯町店,074071,福島県,耶麻郡磐梯町,37.555439,139.98082,0242-73-3644,0242-73-3634,969-3301,耶麻郡磐梯町大字磐梯字諏訪山2898-25,月・火・木・金 8:30~18:30水・第1・3土 8:30~13:00,無,,
アイン薬局 ハ-ト会津店,072028,福島県,会津若松市,37.555916,139.905594,0242-85-8186,0242-85-8187,969-3482,会津若松市河東町谷沢十文字74-2,月~金 9:00~18:00土 9:00~13:00,有,0242-85-8186,
エ-ル薬局十文字店,072028,福島県,会津若松市,37.555916,139.905594,0242-23-7162,0242-23-7163,969-3482,会津若松市河東町谷沢字十文字40-2,月~金 9:00~18:00土 9:00~13:00,有,0242-23-7162,
アイン薬局 会津美里店,074470,福島県,大沼郡会津美里町,37.456177,139.836533,0242-93-9033,0242-93-9036,969-6264,大沼郡会津美里町高田甲2969-5,月~金 8:30~17:30土 8:30~12:30日・祝休み,有,0242-93-9033,
アイン薬局会津坂下町店,074217,福島県,河沼郡会津坂下町,37.55764,139.827545,0242-83-3211,0242-83-3212,969-6534,河沼郡会津坂下町小川原1068-2,月・火・木・金 8:30~17:30水・土 8:30~12:30,有,0242-83-3211,
ウエルシア薬局会津坂下東店,074217,福島県,河沼郡会津坂下町,0.0,0.0,0242-84-1553,0242-84-1554,969-6534,阿沼郡会津坂下町小川原945,平日10:00~13:00、14:00~18:00,無,,
株式会社くすりのマルト調剤薬局 草野国道沿い店,072044,福島県,いわき市,37.073734,140.954132,0246-85-5607,0246-85-5617,970-0101,いわき市平下神谷仲田24,月・火・木・金 9:00~18:00水・土 9:00~12:00,有,080-7394-1005,
くすりのマルト調剤薬局 洋向台店,072044,福島県,いわき市,36.964989,140.934158,0246-59-0007,0246-59-0008,970-0314,いわき市洋向台4丁目1番3,月・火・木・金 8:15~18:00水 8:15~16:30土 8:15~12:30,有,080-2846-1133,
洋向台薬局,072044,福島県,いわき市,36.965645,140.935471,0246-55-5515,0246-84-8088,970-0314,いわき市洋向台5-2-8,月~金8:30~18:00土8:30~12:30,無,,
岬薬局,072044,福島県,いわき市,37.05756,140.863159,0246-36-3625,0246-36-3638,970-1151,いわき市好間町下好間字一町坪55-3,月・火・水・金 8:30~18:00木 8:00~16:00土 8:30~12:30,有,0246-36-3625,
株式会社くすりのマルト調剤薬局下平窪店,072044,福島県,いわき市,37.076073,140.889435,0246850012,0246850005,970-8003,いわき市平下平窪字四左エ門内29-2,月9:00~13:00 14:00~18:00/火9:00~13:00 14:00~18:00/水9:00~13:00 14:00~18:00/木9:00~13:00 14:00~18:00/金9:00~13:00 14:00~18:00/土9:00~12:30,無,,
(株)くすりのマルト調剤薬局 平窪店,072044,福島県,いわき市,37.083118,140.876541,0246-24-3677,0246-24-3678,970-8006,いわき市平下平窪山土内3-1,月~金 9:00~18:00土 9:00~12:30,有,080-2846-1129,
調剤薬局ツルハドラッグ平窪店,072044,福島県,いわき市,37.083714,140.87767,0246-35-0816,0246-35-0816,970-8006,いわき市平下平窪山土内町1-1,月~金9:00~18:00,無,,
アイランド薬局 白土店,072044,福島県,いわき市,37.05051,140.911285,0246-23-1189,0246-23-1187,970-8024,いわき市平北白土字宮前51-3,月~水・金 8:30~18:00木 8:30~17:30土 8:30~17:00,有,080-6723-6080,
アイランド薬局,072044,福島県,いわき市,37.054035,140.893265,0246-25-4189,0246-25-4190,970-8026,いわき市平十五町目6-1,月~金8:30~18:00第1・2・4・5土8:30~13:00第3土8:30~12:30,無,,
アイランド薬局倉前店,072044,福島県,いわき市,37.048481,140.899796,0246-22-9997,0246-23-5588,970-8026,いわき市平字倉前113-6,月~水、金 9:00~18:00木・土 9:00~13:00,有,080-5884-3939,
イオン薬局 いわき店,072044,福島県,いわき市,37.050594,140.898773,0246-41-0017,0246-41-0018,970-8026,いわき市平字三倉68-1,月~日・祝 9:00~19:00,無,,
くすりのマルト調剤薬局 平五町目店,072044,福島県,いわき市,37.056622,140.89595,0246-21-1771,0246-21-8881,970-8026,いわき市平字五町目17番地の12,月・火・木・金 8:30~18:00水 9:00~18:00土 8:30~17:00,有,080-2846-1131,
くすりのマルト調剤薬局 平尼子店,072044,福島県,いわき市,37.051483,140.883881,0246-35-1775,0246-35-1776,970-8026,いわき市平字尼子町3-1-2,月~金 9:00~13:00、14:00~18:00土 9:00~13:00,有,080-7179-5658,
たまち薬局,072044,福島県,いわき市,37.057068,140.88974,0246-37-7622,0246-37-7623,970-8026,いわき市平字田町75-5,月・火・水・金8:30~17:30木8:30~16:30土8:30~12:30,有,0246-37-7622,
調剤薬局ツルハドラッグいわき三倉店,072044,福島県,いわき市,37.050789,140.900604,0246-38-3581,0246-38-3581,970-8026,いわき市平字三倉66-5,月~金9:00~13:00、14:00~18:00,無,,
みなみ町薬局,072044,福島県,いわき市,37.054577,140.89299,0246-37-0525,0246-37-0526,970-8026,いわき市平字南町69,月~木 8:30~17:30金 8:30~18:00土 8:30~12:00,有,0246-37-0525(転送),
株式会社武田薬局中町店,072044,福島県,いわき市,37.05315,140.887589,0246-24-1163,0246-24-1160,970-8026,いわき市平堂ノ前27-1,月~水・金8:30~18:00土8:30~17:00第1・3日9:00~12:00,有,0246-24-1163,
そうごう薬局上荒川店,072044,福島県,いわき市,37.036911,140.894135,0246-28-7222,0246-28-7277,970-8034,いわき市平上荒川字安草15-4,日~金9:00~18:00土9:00~16:00,有,0246-28-7222,
光栄薬局 上荒川店,072044,福島県,いわき市,37.032673,140.889313,0246-28-3061,0246-28-3071,970-8034,いわき市平上荒川字長尾28,月・火・木・金 9:00~18:30水 9:00~17:00土 9:00~13:00,有,080-6014-3061,
薬局タロ-ファ-マシ- 高専前店,072044,福島県,いわき市,37.032673,140.889313,0246-28-2112,0246-28-2113,970-8034,いわき市平上荒川字長尾40-2,月・火・木・金 8:30~18:00水 8:30~16:30土 8:30~12:30,無,,
くすりのマルト調剤薬局谷川瀬店,072044,福島県,いわき市,37.047741,140.895508,0246-22-1150,0246-22-1151,970-8036,いわき市平谷川瀬2-11-10,月~水・金8:30~18:00木8:30~16:30土8:30~12:30,有,080-2846-1125,
薬局タロ-ファ-マシ-,072044,福島県,いわき市,37.048386,140.89151,0246-25-3600,0246-25-3655,970-8036,いわき市平谷川瀬1-17-6,月・火・水・金9:00~18:00木9:00~16:30土9:00~13:00,無,,
薬局タロ-ファ-マシ- けいりん場前店,072044,福島県,いわき市,37.047192,140.892685,0246-22-3600,0246-22-3601,970-8036,いわき市平谷川瀬一丁目19-6-2,月~水・金 8:30~17:30土 8:30~16:30木 8:00~16:00,有,0246-22-3600,
すげのさく薬局,072044,福島県,いわき市,37.005527,140.923111,0246-95-0187,0246-95-0188,970-8043,いわき市中央台鹿島3丁目39-4,月~水・金 9:00~18:00木 9:00~17:00土 9:00~13:00,有,0246-95-0187(転送),
ニュ-タウン薬局,072044,福島県,いわき市,37.004047,140.924484,0246-46-0456,0246-46-0457,970-8043,いわき市中央台鹿島3-53-7,月~水・金:8:45~18:00木8:45~16:45土8:45~14:00,有,0246-46-0456(転送),
マリン薬局,072044,福島県,いわき市,37.003197,140.924515,0246-95-0123,0246-95-0124,970-8043,いわき市中央台鹿島2-28-4,月・火・水・金 8:30~19:00木 8:30~16:30土 8:30~16:00,有,0246-95-0123,
中央台鹿島薬局,072044,福島県,いわき市,37.003857,140.924072,0246-31-1011,0246-31-1012,970-8043,いわき市中央台鹿島3-34-6,月~水・金8:30~19:00木・土8:30~17:30,有,0246-31-1011,
のばら薬局,072044,福島県,いわき市,37.01289,140.915161,0246-38-8871,0246-38-8872,970-8044,いわき市中央台飯野3-33-3,月~土8:30~18:00,有,0246-38-8871,
アイランド薬局郷ヶ丘店,072044,福島県,いわき市,37.028858,140.915039,0246-46-1089,0246-46-1190,970-8045,いわき市郷ヶ丘4-18-18,月~水・金8:30~18:00木8:30~16:30土8:30~13:30,有,080-5954-7055,
豊郷薬局,072044,福島県,いわき市,37.025356,140.904541,0246-28-8320,0246-28-8319,970-8045,いわき市郷ヶ丘2-10-3,月~金9:00~18:00土9:00~12:00,有,080-2802-1430,
みなと薬局,072044,福島県,いわき市,36.949757,140.909241,0246-73-3600,0246-73-3601,971-8101,いわき市小名浜橋本3,月 8:30~17:00火~金 9:00~17:00土 8:30~13:00,有,080-7235-7135,
合資会社ダルマ薬局,072044,福島県,いわき市,36.950439,140.902512,0246-92-2222,0246-53-2561,971-8101,いわき市小名浜本町34,月~金9:00~19:00土9:00~18:00,無,,
薬局・とりい,072044,福島県,いわき市,36.951424,140.890152,0246-73-7370,0246-73-7371,971-8101,いわき市小名浜字丹羽沼166-1,月~水・金 8:30~18:30木・土8:30~12:00,無,,
髙木調剤薬局,072044,福島県,いわき市,36.949844,140.903839,0246-92-2218,0246-92-2206,971-8101,いわき市小名浜字本町57,月~金 9:00~18:30土 9:00~13:00,有,0246-92-2218,
株式会社くすりのマルト調剤薬局 君ヶ塚店,072044,福島県,いわき市,36.961544,140.896988,0246-92-4678,0246-92-4666,971-8111,いわき市小名浜大原字下小滝158-2,月~金 8:30~18:00土 8:30~17:30,有,080-2846-1124,
アイン薬局 いわき富岡店,072044,福島県,いわき市,36.958645,140.880981,0246-54-1080,0246-54-1128,971-8112,いわき市小名浜南富岡字富士前57,月~金 9:00~18:00土 9:00~13:00,有,0246-54-1080,
ケイ薬局,072044,福島県,いわき市,36.985275,140.895676,0246-84-5140,0246-84-5141,971-8122,いわき市小名浜林城字塚前54-6,月~土8:30~17:30,有,0246-84-5140,
株式会社くすりのマルト調剤薬局 林城店,072044,福島県,いわき市,36.984325,140.892715,0246-76-1188,0246-76-1178,971-8122,いわき市小名浜林城字辻前3番地2,月~水・金 9:00~18:00第3・5以外の土 9:00~12:00,有,080-2846-1135,
くすりのマルト調剤薬局玉川店,072044,福島県,いわき市,36.980373,140.887161,0246-76-1880,0246-76-1881,971-8124,いわき市小名浜住吉字道下34,月・火・水・金8:30~18:00木9:00~17:00土8:30~13:00,無,,
船戸薬局,072044,福島県,いわき市,36.985031,140.90213,0246-58-7174,0246-58-3514,971-8145,いわき市鹿島町船戸字沼田1-21,月~金8:00~19:00土8:00~15:00,有,090-2360-5598,
アイランド薬局岡小名店,072044,福島県,いわき市,36.961395,140.909622,0246-73-8977,0246-73-8988,971-8151,いわき市小名浜岡小名1-1-1,月・火・木・金8:30~18:00水8:30~16:30土8:30~17:00,有,080-6785-9878,
くすりのマルト調剤薬局小名店,072044,福島県,いわき市,36.959007,140.904144,0246-88-6856,0246-88-6857,971-8151,いわき市小名浜岡小名高田10-1,月~金9:00~13:00、14:00~18:00土9:00~12:30,無,,
エ-ル薬局 中町境店,072044,福島県,いわき市,36.955292,140.897339,0246-84-5112,0246-84-8113,971-8163,いわき市小名浜中町境17-12,月~水・金 8:30~18:00木・土 8:30~12:30,有,0246-84-5112,
アイランド薬局あたご店,072044,福島県,いわき市,36.950882,140.896439,0246-73-1234,0246-73-1244,971-8165,いわき市小名浜愛宕町1-4,月・火・水・金9:00~18:00木・土9:00~13:00,有,080-5863-9024,
おなはま薬局,072044,福島県,いわき市,36.957367,140.892838,0246-38-3345,0246-38-3346,971-8167,いわき市小名浜西君ケ塚町19-10,8:30~18:15,有,080-7835-2113,
加藤薬局,072044,福島県,いわき市,36.959915,140.855042,0246-56-8288,0246-56-8388,971-8172,いわき市泉玉露5-6-30,月~水・金 8:30~18:00土 8:30~13:30,無,,
調剤薬局ツルハドラッグいわき玉露店,072044,福島県,いわき市,36.959866,140.852737,0246-75-1268,0246-75-1268,971-8172,いわき市泉玉露5-7-6,月~金 9:00~19:00土9:00~13:00,無,,
ウエルシア薬局ヨ-クタウンいわき泉玉露店,072044,福島県,いわき市,36.955559,140.849319,0246-41-9423,0246-41-9424,971-8172,いわき市泉玉露2-10-1ヨ-クタウン内,月火水金土9:00~13:30、14:30~19:00木日祝:閉局,無,,
コロ薬局泉滝尻店,072044,福島県,いわき市,36.953316,140.866058,0246-88-7623,0246-88-7624,971-8182,いわき市泉町滝尻字南坪53-1,月~金9:00~19:00土9:00~13:00,無,,
調剤薬局ツルハドッラグいわき泉店,072044,福島県,いわき市,36.946774,140.860245,0246-85-5285,0246-85-5285,971-8185,いわき市泉町滝尻字御前田46,月~金9:30~13:30、14:30~18:30土9:30~13:30,無,,
株式会社くすりのマルト調剤薬局 泉店,072044,福島県,いわき市,36.95472,140.857559,0246-75-2727,0246-75-2288,971-8185,いわき市泉町一丁目32-3,月~水・金 9:00~18:00木・土 9:00~17:00,有,080-2846-1128,
有限会社みどり薬局,072044,福島県,いわき市,36.95998,140.850754,0246-96-6040,0246-96-6041,971-8187,いわき市泉玉露5-17-13,月・火・木・金8:30~18:00土8:30~13:30日8:30~12:00,無,,
イオン薬局 イオンスタイルいわき小名浜,072044,福島県,いわき市,36.945366,140.90213,0246-73-7230,0246-73-7231,971-8555,いわき市小名浜字辰巳町79,9:00~21:00※年中無休,無,,
株式会社くすりのマルト調剤薬局 遠野店,072044,福島県,いわき市,37.003098,140.759583,0246-85-5551,0246-85-5521,972-0161,いわき市遠野町上遠野字本町67-2,月~金 9:00~18:00土 9:00~12:00,有,080-1690-4520,
くすのき薬局,072044,福島県,いわき市,37.019272,140.874283,0246-88-8424,0246-88-8425,972-8301,いわき市草木台5-1-8,月~金8:30~19:00土8:30~18:00日・祝8:30~12:30,無,,
ぴよぴよ薬局,072044,福島県,いわき市,37.019272,140.874283,0246-46-2040,0246-46-2041,972-8301,いわき市草木台5-16-1,月8:30~19:00/火8:30~19:00/水8:30~19:00/木8:30~19:00/金8:30~19:00/土8:30~18:00,無,,
オレンジ薬局湯本南店,072044,福島県,いわき市,36.985516,140.859894,0246-72-1050,0246-72-1052,972-8316,いわき市常磐西郷町字岩崎28-10,月~金8:30~18:00土8:30~17:00,有,0246-72-1050,
くすりのマルト調剤薬局下湯長谷店,072044,福島県,いわき市,36.990547,140.854889,0246-72-1771,0246-72-1778,972-8317,いわき市常磐下湯長谷町道下10,月~金 9:00~18:00土 9:00~13:00,無,,
葵調剤薬局湯本店,072044,福島県,いわき市,36.990784,140.856628,0246-72-1750,0246-72-1755,972-8317,いわき市常磐下湯長谷町2-14-2,月・火・木・金 8:30~18:00水・土 8:30~12:30,有,0246-72-1750,
関船薬局,072044,福島県,いわき市,37.001549,140.850632,024644-5291,0246-44-0808,972-8318,いわき市常磐関船町迎13-4,月~金 8:30~18:00土 8:30~12:30,有,080-5945-7165,
アイランド薬局湯本店,072044,福島県,いわき市,37.00853,140.847504,0246-44-2633,0246-44-2635,972-8321,いわき市常磐湯本町天王崎1-184,月~金8:30~18:00土8:30~12:30,有,080-5867-7875,
ベ-ス薬局湯本店,072044,福島県,いわき市,37.005787,140.846512,024-672-2877,024-672-2878,972-8321,いわき市常磐湯本町吹谷57-5,月・火・木・金8:30~18:30水・第1・2・3土8:30~13:30,無,,
アイン薬局 常磐病院店,072044,福島県,いわき市,37.003819,140.838974,0246-43-6065,0246-43-6066,972-8322,いわき市常磐上湯長谷町上ノ台57,月~土 9:00~19:00,有,0246-43-6065,
くすりのマルト調剤薬局いわき市医療センタ-前店,072044,福島県,いわき市,37.041649,140.867844,0246-45-1788,0246-45-1778,973-8402,いわき市内郷御厩町久世原248,月~金8:30~18:00,有,090-9037-1848,
コスモ調剤薬局 内郷店,072044,福島県,いわき市,37.051208,140.875061,0246-45-1766,0246-45-1767,973-8402,いわき市内郷御厩町4-58,月~金 9:00~18:00土 9:00~13:00,無,,
調剤薬局ツルハドラッグ内郷みまや店,072044,福島県,いわき市,37.049473,140.873489,0246-45-3268,0246-45-3268,973-8402,いわき市内郷御厩町3-122,月~金9:00~13:00、14:00~18:00,無,,
薬局タロ-ファ-マシ- みまや店,072044,福島県,いわき市,37.048893,140.87175,0246-27-3388,0246-27-3389,973-8402,いわき市内郷御厩町三丁目94-2,月~金 9:00~17:00第2・4土 9:00~12:00,無,,
雄飛堂薬局 いわき医療センタ-前店,072044,福島県,いわき市,37.041328,140.865707,0246-38-6951,0246-38-6952,973-8402,いわき市内郷御厩町久世原244-1,月~金 8:30~18:00土 8:30~12:30,有,080-2007-0150,
株式会社くすりのマルト調剤薬局 つづら店,072044,福島県,いわき市,37.038593,140.865082,0246-45-2855,0246-45-2810,973-8403,いわき市内郷綴町仲田26-6,月~金 8:30~18:00,有,080-2846-1132,
株式会社くすりのマルト調剤薬局 川原田店,072044,福島県,いわき市,37.037163,140.859024,0426-45-1118,0246-26-8885,973-8403,いわき市内郷綴町川原田117番地,月~金 9:00~18:00木 9:00~17:00土 9:00~13:00,有,080-2846-1126,
光栄薬局 川原田店,072044,福島県,いわき市,37.037163,140.859024,0246-26-2941,0246-26-2946,973-8403,いわき市内郷綴町川原田130,8:30~18:00,有,080-6014-2941,
日本調剤いわき薬局,072044,福島県,いわき市,37.039852,140.864944,0246-45-2235,0246-45-2236,973-8403,いわき市内郷綴町沼尻148-1,月~金 9:00~18:00土 9:00~13:00,有,090-3240-6876,
株式会社くすりのマルト調剤薬局高坂店,072044,福島県,いわき市,37.04361,140.861435,0246-27-1101,0246-27-1121,973-8408,いわき市内郷高坂町八反田55,月~金9:00~18:00土9:00~12:30,有,080-2846-1130,
光栄薬局 高坂店,072044,福島県,いわき市,37.045261,140.862411,0246-26-7341,0246-26-7351,973-8408,いわき市内郷高坂町大町26-7,8:00~17:00,有,080-2564-5804,
アイン薬局 いわき小島店,072044,福島県,いわき市,37.050121,140.881668,0246-45-2120,0246-26-4821,973-8411,いわき市小島町1-5-10,月~土 9:00~18:00第2・4・5日 9:00~13:00,有,0246-45-2120,
株式会社くすりのマルト調剤薬局上中田店,072044,福島県,いわき市,36.899307,140.784119,0246-63-3036,0246-63-1506,974-8232,いわき市錦町上中田7,月~金8:30~18:00土8:30~14:00,有,090-1492-5840,
株式会社くすりのマルト調剤薬局鳥居店,072044,福島県,いわき市,36.909908,140.784012,0246-62-7755,0246-62-1622,974-8232,いわき市錦町綾ノ内121番地,月8:30~18:30/火8:30~18:30/水8:30~18:00/木8:30~18:30/金8:30~18:30/土8:30~17:00,有,080-2846-1123,
薬局わたなべ,072044,福島県,いわき市,36.899952,140.784348,0246-77-0511,0246-77-0512,974-8232,いわき市錦町上中田104,月~金8:30~19:00土8:30~18:00,有,090-3648-3665,
ウエルシア薬局いわき錦店,072044,福島県,いわき市,36.911407,140.777939,	0246-	77-	0672,	0246-	77-	0673,974-8232,いわき市錦町花ノ井30-1,月曜日-金曜日 9:30-19:00 土曜日 9:30-17:00 (14:00-15:00休み),無,,
そうごう薬局中岡店,072044,福島県,いわき市,36.921909,140.780945,0246-77-0427,0246-77-0527,974-8251,いわき市中岡町4-7-11,月~金8:00~18:00木・土8:00~12:30,有,0246-77-0427,
アイン薬局 いわき植田店,072044,福島県,いわき市,36.91769,140.799438,0246-62-0433,0246-62-5907,974-8261,いわき市植田町本町2-7-8,9:00~18:30,有,0246-62-0433,
ダルマ薬局 本町店,072044,福島県,いわき市,36.915688,140.795837,0246-63-8822,0246-63-8998,974-8261,いわき市植田町本町1丁目4-6,月~金8:30~18:30土8:30~13:00,有,090-7520-8822,
植田ダルマ薬局 植田店,072044,福島県,いわき市,36.92218,140.796524,0246-63-0022,0246-63-0022,974-8261,いわき市植田町中央3丁目16-12,月 9:00~17:00火~金 9:00~18:00土 9:00~13:00,有,080-6053-4422,
コスモ調剤薬局原町店,072125,福島県,南相馬市,37.638988,140.968338,0244-25-0120,0244-25-0121,975-0001,南相馬市原町区大町3-78,月~金8:40~18:10第1・3・5土8:40~13:10,有,0244-25-0120,
調剤薬局けやき原町店,072125,福島県,南相馬市,37.639549,140.968018,0244-25-7071,0244-25-7072,975-0001,南相馬市原町区大町3-93,月~金8:45~17:00土8:45~13:00,無,,
アイン薬局南相馬店,072125,福島県,南相馬市,37.638077,140.966278,0244-25-3805,0244-25-3805,975-0004,南相馬市原町区旭町1-47,月~金 9:00~17:00 土 9:00~14:00,有,0244-25-3805,
そうごう薬局旭町店,072125,福島県,南相馬市,37.63588,140.968689,0244-22-5666,0244-23-4246,975-0004,南相馬市原町区旭町3-24,月~金9:00~18:00,有,0244-22-5666,
渡辺薬局,072125,福島県,南相馬市,37.637119,140.967606,0244-23-3846,0244-23-1512,975-0004,南相馬市原町区旭町1-83,月~金 9:00~18:00土 9:00~17:00,有,0244-23-3846,
井上薬局,072125,福島県,南相馬市,37.639957,140.973007,0244-22-7511,0244-26-0892,975-0031,南相馬市原町区錦町1-43,月~土8:00~18:00,有,080-5523-6880,
アイン薬局南相馬東店,072125,福島県,南相馬市,37.637581,140.986389,0244-23-7709,0244-23-7716,975-0033,南相馬市原町区高見町2-122-1,月~土9:00~18:00,有,0244-23-7709,
アイン薬局 原町店,072125,福島県,南相馬市,37.630119,140.991394,0244-26-7825,0244-26-7732,975-0038,南相馬市原町区日の出町541-5,月~水 9:00~18:00木 9:00~17:00土 9:00~13:00,有,0244-26-7825,
アイン薬局 本陣前店,072125,福島県,南相馬市,37.625263,140.956161,0244-24-3369,0244-23-7175,975-0062,南相馬市原町区本陣前1丁目82,月~水・金・土 9:00~18:00木 9:00~17:00,有,0244-24-3369,
フロンティア薬局 相馬店,072095,福島県,相馬市,37.812954,140.91745,0244-37-7717,0244-37-7718,976-0006,相馬市石上字南蛯沢622-3,9:00~18:00,有,090-2883-7183,
共創未来相馬薬局,072095,福島県,相馬市,37.812248,140.921768,0244-37-4010,0244-37-4011,976-0011,相馬市新沼字坪ヶ迫98,月~金8:30~18:00土9:00~13:00,有,0244-37-4010,
つかのまち調剤薬局,072095,福島県,相馬市,37.802982,140.92804,0244-26-6951,0244-26-6952,976-0015,相馬市塚ノ町1丁目14-7,月・火・木・金 8:30~18:00水 8:30~16:30土 8:30~13:00,有,090-9031-8932,
アイン薬局 相馬沖ノ内店,072095,福島県,相馬市,37.80468,140.926788,0244-37-3360,0244-37-3361,976-0016,相馬市沖ノ内1丁目2-5,月・火・木・金 9:00~18:00水 8:30~16:30土 9:00~13:00,有,0244-37-3360,
アイン薬局 東相馬店,072095,福島県,相馬市,37.806469,140.931198,0244-37-3338,0244-37-3339,976-0016,相馬市沖ノ内2丁目16-6,月~金 9:00~18:00土 9:00~13:00第2土 9:00~12:00,有,0244-37-3338,
そうごう薬局相馬店,072095,福島県,相馬市,37.793404,140.932556,0244-35-0241,0244-35-0242,976-0032,相馬市大曲字大毛内77-5,月~金8:30~18:00土8:30~12:30,有,0244-35-0241,
アイン薬局 相馬中村店,072095,福島県,相馬市,40.552803,140.363647,0244-35-0823,0244-35-0824,976-0042,相馬中村字字荒井町44,9:00~18:00,有,0244-35-0823,緯度経度(不一致)
アップル薬局 相馬店,072095,福島県,相馬市,37.804375,140.913467,0244-35-1370,0244-35-1371,976-0042,相馬市中村字川沼308,月~水・金 9:00~18:00木・土 9:00~13:00,無,,
みどり薬局,072095,福島県,相馬市,37.801926,140.922501,0244-35-2806,0244-35-2717,976-0042,相馬市中村字曲田114,月~金 8:30~18:00土 8:30~12:00,有,090-8035-1734,
薬局タロ-ファ-マシ- 四倉店,,,,37.10054,140.979889,0246-32-8555,0246-32-8556,979-0102,いわき市四倉町西三丁目15-2,月・火・木・金 8:30~17:30水 8:30~16:30土 8:30~12:30,有,0246-32-8555,郵便番号
くすりのマルト調剤薬局 窪田店,072044,福島県,いわき市,36.890881,140.768188,0246-65-0555,0246-65-1771,979-0197,いわき市勿来町窪田十条3-1-3,月~水 9:00~18:00木 9:00~17:00土 9:00~14:00,有,080-8218-8605,
さくら薬局 四倉店,072044,福島県,いわき市,37.108402,140.988647,0246-32-3270,0246-32-3280,979-0201,いわき市四倉町字西4丁目2-1,月・火・木・金 8:30~17:30水 8:30~16:30土 8:30~13:00,有,0246-32-3270,
ならは薬局,075426,福島県,双葉郡楢葉町,37.273209,140.999359,0240-23-7183,0240-23-7184,979-0604,双葉郡楢葉町大字北田字中満289-4,月~金8:30~17:30第2・第4土8:30~12:30,有,080-2801-9483,
なみえ調剤薬局,075477,福島県,双葉郡浪江町,37.494923,141.000259,0240-23-7092,0240-23-7093,979-1513,双葉郡浪江町大字幾世橋字六反田7-6,月~金 9:00~16:00,無,,
そうごう薬局鹿島店,072125,福島県,南相馬市,37.724583,140.945953,0244-46-1421,0244-46-1422,979-2442,南相馬市鹿島区横手字榎内17,月・火・木・金8:30~18:30水8:30~16:30土8:30~13:00,有,0244-46-1421,
ウェル薬局,072044,福島県,いわき市,37.123997,140.859802,0246-83-2732,0246-83-2792,979-3125,いわき市小川町高萩字上代72-8,月~金8:00~18:30土8:00~12:00,有,0246-83-2762,
